﻿<?xml version="1.0" encoding="utf-8" ?>
<ComputerHardware>
  <Product>
    <Color>White</Color>
    <Price>1000</Price>
    <Usage>ABC</Usage>
    <Warrnty>3</Warrnty>
    <Manufactorer>HP</Manufactorer>
    <Specification>Printer</Specification>
  </Product>
  <Product>
    <Color>Black</Color>
    <Price>3500</Price>
    <Usage>XYZ</Usage>
    <Warrnty>1</Warrnty>
    <Manufactorer>HP</Manufactorer>
    <Specification>Printer</Specification>
  </Product>
  <Product>
    <Color>White</Color>
    <Price>2530</Price>
    <Usage>HJsd</Usage>
    <Warrnty>3</Warrnty>
    <Manufactorer>gjgj</Manufactorer>
    <Specification></Specification>
  </Product>
  <Product>
    <Color>White</Color>
    <Price>4500</Price>
    <Usage>sb</Usage>
    <Warrnty>1</Warrnty>
    <Manufactorer>bbdfs</Manufactorer>
    <Specification>hfjh</Specification>
  </Product>

</ComputerHardware>
